Game_ID,testPredictions
44623,7.2130267
12867,6.206143700000002
12422,6.1416872
29246,7.077261200000001
20060,4.818301099999999
30310,7.026172100000001
8982,7.363929699999999
42817,7.802610999999996
20442,6.584164700000002
14606,6.420060299999999
59441,6.180551899999999
13153,6.0493437
13854,6.526935499999997
14932,6.390561699999999
14589,6.5579734
46191,5.8604736000000015
18597,4.6728939
17035,5.780198699999999
30614,7.1424511000000015
37218,5.328468299999998
18791,4.847607799999999
18840,5.103904299999997
10936,6.923207899999999
49523,5.6176709
8870,7.414999999999996
52382,4.828538400000002
60560,7.4765185999999995
42091,5.983372100000001
22965,5.1281496
15628,6.261669500000003
20406,5.329128800000002
8104,7.3779173
25752,5.159803999999999
8115,6.878916099999999
21851,5.844159099999998
14546,6.576758000000002
35622,7.148490799999999
29294,5.017547099999999
17213,5.595569599999999
49465,7.205066400000001
17032,5.726040200000001
12401,6.296207700000002
9391,6.6043637
64728,6.6436564
12601,6.730645200000001
52512,5.9620893000000015
42406,7.376725599999999
19748,5.4583585
18219,5.324678600000003
7749,7.3868486
45052,5.553115
46706,7.099778499999998
59156,7.015872100000001
8280,7.273977399999996
8005,7.1104467000000025
28565,5.2965494
12765,6.7160208
17279,5.710193700000001
17484,5.498414799999998
18722,5.309523599999999
11341,6.977754999999999
17110,6.702606700000001
10753,6.6834891999999995
71309,4.8574167
14176,6.463707299999997
49393,5.825426300000003
16940,5.819208800000001
51132,7.5652978000000015
10554,6.580682499999998
20116,5.7621636999999994
60522,6.823245899999996
34980,7.5246702
45678,5.507228200000001
42666,6.1195916000000015
65485,7.703258800000002
45851,6.1184999
31103,6.607823100000002
40218,5.015112200000002
46471,6.686519800000001
13377,6.527673499999996
43572,5.8134616
68482,6.8887239
20978,5.377436900000001
18476,4.8993462999999995
22697,4.737126199999998
63646,6.631285800000001
62592,6.561724500000001
62550,6.484978800000002
45202,6.064420999999998
17313,5.584181400000002
63751,6.963409100000002
18269,5.105682999999999
61730,6.2606893
49593,6.1689194999999994
49802,5.6992400000000005
13662,6.1921228999999975
63767,6.649145800000002
64504,6.3557061
14374,6.264926399999999
9233,7.263731199999998
16663,5.856139200000001
53681,8.036408
21477,6.000869400000002
21157,4.785602500000001
56215,5.8083097
10403,6.8498196
46469,6.824083599999998
16438,6.032177300000001
9405,7.322768599999996
45282,7.176159200000001
19855,5.795485299999999
61003,8.075963499999999
26508,7.128606500000003
35018,6.706422100000001
17857,5.339821700000001
12068,6.4394716999999995
21511,4.745934999999999
45792,7.271054799999999
50587,7.0394586
66472,7.279852299999998
10580,6.799019800000001
18665,4.803587699999998
8738,6.791214999999997
50224,7.258481399999999
61980,7.621257700000005
20682,4.908740099999999
9424,7.282907699999998
16646,5.915612600000003
17675,5.353121099999997
61307,7.4604924
28519,4.985924700000002
49991,7.061309600000003
42184,4.245335699999997
38541,6.090938899999998
20244,5.0809618
22042,4.516773199999999
16439,6.064302500000004
61156,7.793171399999995
12662,7.123290200000001
45249,7.0438323999999986
64416,6.411133399999998
33282,6.168492200000002
35786,5.3662952000000015
13011,7.063610500000002
18369,4.8996286
9123,6.915617700000001
12637,6.564215300000001
65463,6.740697100000002
40094,4.616673899999999
18274,4.917204199999999
62926,7.3581359
42743,7.167766399999994
26010,5.221598199999997
16372,6.013688300000001
20144,5.850907199999998
19209,4.4153906
25078,5.183126099999999
39799,6.204155500000001
9595,7.2143121000000034
29035,6.0390103
32841,6.3514255
13912,6.959912900000003
61581,7.131891700000002
57497,6.1567276
21492,5.919457900000001
18229,5.1323555
9460,7.026157400000003
11208,6.4929935
9069,6.8344035
40262,4.891333500000001
12747,6.277032300000003
30666,7.114255700000002
8133,6.765798399999997
45035,7.263064500000002
19502,4.840041099999999
41344,5.935951200000001
67704,8.193640600000004
48192,5.8699667999999985
14247,6.491768500000002
59984,6.712166900000001
7487,7.628849700000002
44039,5.617719000000002
14984,6.6107995
27466,4.9719503000000005
47434,6.3022523999999995
54026,7.981412800000002
14108,7.0194008
8791,6.989342499999997
60830,7.697581300000004
14760,6.918556000000001
56207,5.980429100000001
34379,4.9476941
10394,7.279960000000002
67491,7.0834626999999974
67943,6.9035089
64047,7.546650399999996
48307,6.1735431000000025
8794,6.6233911
11562,7.1247788000000005
13226,7.2481877999999975
17219,5.690037599999999
57088,6.237140600000001
7818,7.2361986
10281,6.905990300000001
61518,7.385311799999998
63664,7.153177499999999
7977,7.614178399999999
8911,6.709114299999999
44728,7.076710899999999
45901,5.383672200000001
16278,6.083145500000004
63513,7.261956199999999
62145,8.121316499999999
46910,5.799064100000002
18869,4.8055406
15076,6.682254999999998
15373,6.620026500000002
49799,7.2748056000000005
14223,6.367765400000001
15009,6.847386500000002
20024,4.872143
61069,6.6145429999999985
29672,4.749673400000001
66307,6.988093299999999
19557,5.645709799999997
22472,4.756824900000001
67688,6.321689600000001
35313,5.2969944
28496,5.421821799999998
27395,4.422689999999999
16705,5.896224000000005
11790,6.8095294
35725,5.948067900000002
17913,5.292723499999999
15140,5.851229000000003
17590,5.520470099999999
22968,6.453019600000001
19774,5.254268000000001
30406,5.284417100000001
9437,6.773018799999999
52290,6.1191143
16179,5.999168400000001
36124,5.2213093000000015
65388,6.402822299999998
8765,7.099155400000004
24271,5.011180800000001
13637,7.140428000000003
16590,5.974480699999999
40742,7.5309427
42633,6.128779599999999
50124,6.501850999999999
31858,5.285765800000003
61614,7.085446300000004
10453,6.7562689
10695,6.7407989
17767,5.365533999999998
64999,8.040063599999998
10956,6.511545400000002
15041,6.0933586
43813,5.8848837
47456,5.976663499999997
42550,6.913523099999997
49689,5.9840056
22063,5.699517400000001
46893,7.3751162999999975
56151,6.457758299999999
11039,7.435760699999999
44541,6.786749399999999
7956,7.290785300000001
11409,7.0618093
36486,4.885785099999999
9358,7.291183400000002
28768,5.183092699999999
32338,6.744145100000004
40714,5.7898603
38969,6.8539001
66734,7.578596599999998
36410,7.2602606000000005
14654,6.786705900000003
48101,6.6967905000000005
30322,6.189531999999999
38549,6.572647099999999
8601,6.8832643
36415,7.226598899999999
16827,5.866977900000003
26895,5.388085400000002
45902,6.0318588
48009,5.7718821
51077,6.978626299999999
14813,6.247221100000002
66027,7.1103324999999975
8598,7.389582600000002
48830,5.681696200000002
13668,6.642460799999998
29689,4.808622699999998
8194,7.200748300000002
11987,7.450196500000003
62614,6.2384028
17567,6.077609099999998
62839,6.732267099999999
18567,4.9647261
16093,5.982775300000002
63247,8.002385799999999
17760,5.420287599999997
44753,6.045957099999996
23237,5.141555200000002
18230,5.238055899999999
23007,4.711155799999999
18334,5.2824908000000015
63738,7.320387400000003
15954,6.052692400000001
22930,6.565124900000004
69154,7.8180549
23031,7.023413399999999
71005,5.970336100000001
16916,5.832920700000003
32123,5.332792799999998
41517,6.734234399999999
29295,5.1414132
63695,7.4997506
19304,4.860903399999998
12521,6.738117600000002
11100,6.6104340000000015
65376,6.405481099999999
8430,7.730179400000002
13191,6.679868099999998
68345,6.9967346
21689,5.922903400000004
38707,6.146707899999999
25838,5.258823999999997
42313,6.558216099999999
30076,5.0236268
41333,6.657181499999998
20679,5.899797899999999
24478,5.5984267
8365,7.2093139000000015
10521,6.740477900000002
27454,4.813746299999998
21432,5.435837099999999
24079,6.4742479000000035
15506,6.4300935999999975
30473,5.491489600000001
27470,5.321749599999999
41647,7.409863100000001
8391,6.722978199999999
18675,5.1955559
31125,5.4359485
22015,5.493593700000003
65914,7.012825699999999
8405,7.030604299999998
11792,6.735470400000001
11966,6.9435836
39396,7.632008200000004
52919,7.445312000000001
67154,7.706086299999999
17708,5.480064599999997
40696,7.0881037000000005
70919,6.211993099999998
12983,6.590186799999998
65278,7.516922700000001
31378,4.943829300000001
54716,7.667396300000002
9877,7.006914200000001
17024,5.7014757
20672,7.1000598000000075
22233,5.0085923
13869,5.9565673
66546,7.6401034
18511,4.9644729000000005
43290,6.724347900000001
61891,6.3645909000000005
28841,4.8249711
8003,7.391428799999999
46017,5.734896500000001
17918,5.247986999999999
13641,6.417443900000003
53800,7.302271700000003
57157,6.0619372999999985
12773,6.787705100000003
17899,5.236410299999999
54155,6.262765400000003
54682,7.214633100000001
32089,5.2085197
9562,7.173457999999998
9797,7.129451500000004
26116,4.797417199999999
21380,4.733517799999999
21493,5.4887012
20723,4.821541199999996
28491,6.597622900000001
31989,6.449880099999999
31392,5.416399999999999
67623,5.924570800000001
11843,7.439886600000003
59807,6.721581
20661,4.910881899999999
65629,7.815066399999998
47191,5.680214500000001
10965,6.5633682
9301,6.988236200000002
67767,6.4301718999999995
46404,6.0946891999999995
8337,6.7356079
50045,7.190917600000002
34828,5.8513967000000005
16454,6.0483842
46261,7.310900799999997
62835,7.074881499999999
7105,7.5809007
42938,5.7259018
49057,5.760529600000001
7424,7.574608299999998
36200,6.1964234
20506,6.1989461
53268,7.4976498000000005
7462,7.5352769
64992,6.272035900000003
52647,6.046002700000002
59234,6.5848447
38751,4.779751299999999
34851,6.248396000000002
13355,7.332671400000001
12264,6.927062800000003
20632,5.581755500000001
68734,7.268973099999999
18490,4.674310999999997
16485,5.846290499999998
8110,7.244896600000004
21844,6.912174500000001
21986,4.7957785999999984
24113,7.387079400000001
7525,7.649195300000003
23140,5.060061999999999
16273,5.861694099999999
42619,5.366896700000001
14429,6.1935793
33908,5.266397999999999
30326,5.316042999999999
48691,7.491839099999998
58381,6.916593199999999
11839,7.437651800000001
7868,7.248127599999999
18640,4.880853899999999
37160,5.6101033000000005
62037,8.025807099999998
61727,6.415329099999999
56673,7.388127
21256,7.1122044
12279,6.497292500000001
55479,6.554904699999998
18292,5.2193984
58881,7.150225999999999
58164,5.859758200000003
45136,6.9303742999999995
63896,6.661173200000003
47926,6.114707000000001
42788,5.235281700000001
40404,7.600768000000003
64737,7.648272200000001
66894,7.3445958
17171,5.641197500000001
47291,7.645117100000001
71422,4.7862617
18120,5.137251799999999
14945,6.4465559000000034
16387,5.890885000000001
46806,5.7036825
33695,5.3784622
61994,6.762753199999997
46305,6.285919000000002
10697,6.721620299999997
60953,7.777022299999999
13182,6.673562800000001
21729,4.936123899999999
31556,4.832035899999999
37207,5.828472099999999
24092,5.9865665
55193,6.984304000000002
46083,6.781355
21113,5.2381326999999995
17129,5.746669600000001
14602,6.5972391
8214,6.825551599999999
18134,5.0873569000000005
68280,6.3776532999999995
19566,4.8449041999999976
54271,6.670368799999997
37284,5.7602448000000015
12318,6.675397
11367,7.014557500000002
12432,6.5791237
63069,7.366729100000002
49730,7.662089500000004
8187,7.459788900000001
56901,6.310482700000001
24738,6.472396700000002
16701,5.873313800000002
55922,6.223827600000001
27226,4.9721398
37018,4.9515412
13970,7.1785502999999995
64245,7.775750800000004
42086,7.0924873
23201,4.7148306
40863,6.2842618
30006,4.7497457999999995
68604,7.500302400000001
60598,7.255605000000003
52029,6.3255803
20967,6.862863500000003
17685,5.475842700000004
12234,6.6240315
63408,6.417013900000001
55483,6.097555300000002
16585,5.9779408
64638,7.783350999999999
41881,5.964201000000002
39907,4.950045799999999
58162,5.5611783
7391,7.723273700000001
30861,4.898988499999999
15823,6.322352699999999
25272,6.0549718000000015
47387,5.900777300000001
59493,6.728170600000001
12699,6.452313800000001
56023,6.478745400000001
59015,7.1670005
60512,7.686659899999999
14965,6.287493499999996
11274,6.667439899999997
11558,6.863758100000002
43583,7.202730899999998
18154,5.318821200000001
66991,6.845187599999999
49248,7.184376499999997
29407,4.9840666
10306,6.7545945
59919,6.7381095
66944,6.245812000000001
35268,7.0769169
8621,6.625595599999996
33538,5.042574899999999
28811,5.9284377
46602,5.880909800000001
30959,7.615429499999997
16418,6.1583889
7863,7.4412119
30989,5.156435300000002
61531,7.104265799999999
10569,6.629255400000001
22909,5.2674153000000015
47884,6.959175299999998
61665,6.3329222
54489,6.272672
18034,5.2047057
34163,5.446496
13279,6.285557600000003
29101,5.2305307
20019,4.7370386
16285,6.065735299999996
57214,6.645846899999997
10347,6.612467399999997
33218,6.505405000000003
13629,7.541309400000001
9099,7.825417000000004
65548,7.647951199999999
43884,6.1044231999999985
45151,7.2774342
42956,5.3099089
67202,6.4530495000000005
24749,5.096805700000001
46274,7.059968599999999
15788,5.987999499999997
60432,6.554856000000001
18752,4.825120299999999
16258,6.077188700000001
18135,5.240417
55461,8.0323061
63579,6.634560000000001
29532,5.5618755
49818,7.537316599999997
31032,6.618862100000002
11530,7.647736700000003
17387,5.5616397
24640,4.876475699999999
11619,7.5336275000000015
39796,7.090278599999998
57519,7.769183099999998
13794,6.992435500000002
67518,7.404363000000001
42566,6.9867162
25867,5.200055999999998
11250,6.7030499
14216,7.2593828999999985
40333,5.899814199999998
17482,5.498778599999998
28625,5.890712
34653,5.964992000000002
65572,6.637794099999999
66549,7.169406299999996
12053,6.996964499999998
35183,5.2640986000000005
38552,7.652457600000003
21687,5.8967718
40249,7.363674099999998
17057,5.850064599999999
16941,5.767398899999997
41497,5.1811134
55454,7.845521600000001
16561,5.9311873
45338,5.505418300000001
16293,6.128071499999999
24366,5.4027233
11366,7.3026336
16288,5.8652426
34388,7.042967599999998
60591,7.013622299999998
63925,6.917113100000003
8118,7.086037900000003
16675,5.8922243000000005
68216,6.244322099999997
28594,4.941905500000001
21772,4.881852000000002
17791,5.4837757999999965
13425,6.441335700000004
40756,7.321051199999999
33059,5.303887500000003
51063,5.7905003
38703,5.288101199999999
57884,6.627185499999999
9790,6.9435301
48495,6.102707300000002
69929,5.611935099999999
9390,6.839893199999999
28567,5.9072979
7567,7.297957300000002
12918,6.234728399999999
37346,5.8166508000000015
19090,5.061590099999999
66985,6.5883136
7413,7.654759799999998
36446,5.8864535999999985
43536,7.4994985000000005
48704,7.445207
19471,4.5183582
52911,7.241587400000003
18066,5.247899900000001
43845,5.334129400000003
58155,5.964529300000001
25315,6.245274100000002
41559,6.749540800000002
13803,6.501927100000001
13054,6.447420999999999
52761,7.073150299999998
16784,5.835070900000001
47240,7.4168021
14951,6.496631799999998
10241,7.0124159
11375,6.368140100000001
35581,5.571566499999999
8492,6.778592699999997
70340,4.491195399999999
15037,6.438639799999997
10067,7.243511900000005
63220,6.4489346
55772,6.141713899999998
21842,5.1999406
38914,4.9154168
15254,6.096879600000003
24776,5.1402531000000025
44308,5.425129800000001
8303,7.512300199999998
10551,7.183683799999998
33793,7.146568200000001
56856,7.727212699999999
43907,5.590638000000001
21987,5.682351000000001
15278,6.394800699999999
42379,5.597411700000001
18496,5.045238300000001
44274,7.158417200000002
43563,5.633566199999998
61010,6.617262699999998
63200,7.663409299999999
59160,7.402979100000002
10776,7.159724699999999
29639,5.062200699999999
17605,5.405891399999998
35408,5.199374400000002
49555,6.0579640999999995
14147,6.745583499999999
28146,6.925480600000001
22100,5.315245999999999
26494,4.768071500000001
7780,7.724365000000002
18655,5.189817899999997
26392,5.1118291
31525,5.057716299999999
19313,5.1868356
29011,6.134172899999999
34688,5.1396543
24956,5.041854300000001
33213,5.5633973
20331,6.9796979000000015
28723,4.822436899999997
42009,5.9580698000000005
32673,4.8779936
18699,4.6494021000000005
71400,5.761210200000001
19724,4.8041657
31765,5.050145
12362,6.667438699999999
35180,5.5333120000000005
10854,6.765063300000005
34074,5.6045704000000045
11917,6.835073700000002
30932,6.4355357
39693,5.506391500000001
23633,5.961174199999999
64287,8.022666800000003
58628,7.397292399999999
26896,7.0072818
28927,5.03271
25619,4.932511999999999
29930,5.248445
30731,5.090967399999999
9809,7.0848144
18547,4.977779399999999
61454,6.277992299999999
11328,6.455077100000003
67182,8.024448600000005
16617,5.920141
51607,6.1584383
54277,7.846802799999998
56426,6.329443599999999
48674,7.6952077
18415,4.9551593999999985
10271,7.388327500000002
47758,7.393322900000002
24129,5.186752799999999
17375,5.584076600000003
29523,5.2281789
48238,7.0502492
16005,5.810159199999998
16627,5.790289199999997
35249,6.3873181000000026
18222,5.5906075
43573,5.677528200000001
16426,5.762792600000001
17526,5.485834300000002
8189,7.364391099999998
40750,7.235656600000002
17565,5.476623
29873,5.678492
58917,7.7946883000000025
12216,7.504276800000001
65122,7.533284500000003
10790,7.453818199999998
66329,8.132150099999997
9986,7.286131099999999
63639,7.502500000000002
24545,4.6536655
31256,5.251388
60017,7.385484700000002
13486,6.702953400000001
36225,6.5658588000000035
68727,7.036446600000001
13172,7.004402500000001
17255,5.631805000000001
15174,6.279910900000001
8397,7.547527399999999
24126,4.9973442000000015
37144,5.7345736
25653,5.6296542999999994
21873,5.6607887
60981,7.870027699999996
45312,6.936497199999996
38427,5.0574086000000005
31206,5.227967899999999
13558,6.814825999999998
10443,6.5971257
12579,6.018584100000001
64548,6.6633651
7600,7.8619809
63211,7.292574899999998
37123,6.2683944
52443,6.4933317000000015
48921,7.550332400000002
20240,5.149962700000002
43325,5.3351405
12718,6.590655700000001
32693,5.796881899999999
38194,5.329534600000001
30091,5.242151799999999
18541,5.197473299999998
10089,7.0536005
37357,5.846005900000002
17354,5.582596
59803,7.681013999999999
16344,5.791377800000001
30667,4.904277899999999
35519,5.761048999999998
65730,7.463850499999999
11844,6.740593200000001
40813,5.6360684
13261,7.046794900000002
28703,4.908390299999998
56084,7.1895956999999955
66315,6.7669925000000015
44464,5.218529700000001
12022,6.813096399999998
12803,7.322722999999997
23882,4.979646399999998
20426,4.497685799999998
25170,6.045795300000001
7646,7.263298300000002
13378,6.8466330000000015
31380,4.833036000000001
48380,5.8193823
54627,6.304833199999998
21574,5.065955499999999
15967,6.0934737
13763,6.345055500000001
8712,6.659734199999997
10779,6.574329999999999
20780,4.9483714
35397,6.976909299999997
46753,7.075075400000003
10222,7.1127647999999954
23041,5.155130400000001
20280,4.5564864
60554,7.225624599999996
14782,6.253545200000001
22872,6.132286200000002
61908,6.8742439999999965
10563,6.690963199999999
8616,7.223241500000001
20898,5.402348800000002
42030,3.994912299999998
45105,7.065475299999999
30236,5.089541299999999
62174,7.0398505
17366,5.5895462
40842,6.751058499999996
51562,7.0332319000000005
11940,6.733947399999998
25293,5.1293431
11569,6.828122800000002
30286,4.9492813999999985
59731,6.074380299999999
15952,5.901785700000002
50904,7.065189900000002
18839,5.307498099999999
13426,6.8988834
15684,6.676152399999999
42947,6.363616
21479,4.806959199999998
50973,5.863498800000001
9425,7.316272300000004
31249,6.1058780000000015
9323,6.694446499999998
27634,5.312272200000001
69146,6.953468900000001
11165,6.576083699999999
14418,6.9647424
63387,7.060077299999997
49002,5.9225116999999985
45584,5.522059099999999
7476,7.283819500000001
34762,6.7867732999999975
16853,5.7757171
12261,7.206830799999999
12503,6.649546999999997
17832,5.286158099999999
36233,4.694064700000001
59233,6.310027299999997
7228,7.616397200000002
11559,6.654447900000004
19565,5.587245699999998
11458,6.662379199999997
18093,5.1568183
38100,6.585434
58421,6.862746399999997
56398,7.065071999999997
7431,7.5367183999999945
26133,5.2736921
30348,5.983446399999998
28366,6.3909056999999985
28501,6.067178699999999
59142,8.069410900000001
65231,7.411909499999999
40423,4.864072700000001
14230,6.6005399
34001,7.596588900000005
55945,6.576453499999999
29906,5.0053856
67198,6.749619800000002
16119,6.0482046
23039,4.497002199999998
60196,6.7873087000000005
8747,6.565509499999999
62421,6.383077700000001
14695,6.405937800000003
13485,6.616313600000002
9027,7.596172499999999
23600,5.0067635
16962,5.805644200000001
34513,4.972250600000001
20022,5.774738
7795,7.4451109999999945
63908,7.355234199999999
19800,5.1696211
60391,6.8103253000000015
18389,5.316345299999999
30638,6.681955000000001
45788,5.798965900000001
42277,3.551437199999999
31486,4.859393700000001
9453,7.003154999999995
7159,7.678668199999999
9694,7.007225200000001
11082,6.438349499999998
46475,6.2706303000000005
52430,4.828538400000002
54689,6.751980699999998
48969,6.259662500000002
52222,5.997797500000001
20839,5.2199418999999985
18172,4.690445399999998
41495,4.864253700000001
11867,6.817301699999999
18783,5.255549099999996
66302,6.957374199999999
13078,6.449389800000005
12551,6.235373199999999
15966,6.224054700000002
24186,4.552629499999998
18183,4.791845299999999
37058,4.0077491
27350,6.074915999999999
19242,3.8881780000000026
13686,5.928902599999999
23331,5.258868900000001
9944,7.08262
38877,5.4497063
42173,7.4029694
9637,7.231255900000001
10485,6.698086299999999
14384,7.129894199999999
51506,7.694252399999995
18754,4.783903399999997
66940,6.561748000000002
40068,6.665111400000002
29585,5.120101899999998
16046,6.234187899999995
15910,6.222519400000001
42310,7.043665299999998
24209,5.030229200000002
11211,6.8448528
27553,5.392016100000002
44612,5.984537499999999
32448,4.982851200000001
61672,6.938582599999997
12114,6.667087500000001
11629,6.6854174
53473,7.4061067000000005
64671,7.518722400000001
13100,5.8671893
30062,7.034192299999996
7926,7.413671000000002
32585,5.838390400000001
7381,7.574067599999999
49825,6.1762705
10942,7.236964500000003
35280,6.207782700000001
18756,5.294945400000001
7590,7.423879500000002
40957,4.6691286000000005
64022,7.195772499999996
30379,7.325190399999999
44756,5.6355756999999995
10653,6.977053799999996
31068,6.2909687000000005
26502,4.8950929
23408,5.889061099999999
14564,6.185082299999997
11079,7.264343699999996
36792,6.888251899999999
37103,5.122928599999998
43105,6.080581999999998
22983,6.629273
30664,4.7931963
23132,5.875247000000002
65342,6.9222158999999985
28149,4.959605100000001
38286,7.133133199999999
47648,5.789178200000001
12614,6.443259100000001
26832,5.862644099999998
17318,5.570532099999999
19022,4.851378199999999
17460,5.534335900000001
36419,5.656380900000003
48609,6.4194458999999995
8530,6.803918599999999
22633,5.1271846
39061,4.8544375
15375,6.406160099999998
31297,5.204724299999999
10986,7.637565999999993
21052,5.081589800000001
68251,7.377166900000001
14540,6.4560762
17115,5.666745400000001
15092,6.565896600000001
38447,7.052171300000001
65975,6.700857
13315,6.590165499999995
7216,7.8955014000000014
33788,5.4987210000000015
9265,6.717474500000001
44202,5.644580000000002
10497,6.681853000000001
14639,6.659417699999997
31508,7.190976700000002
62326,7.3818494
7242,7.8191096000000035
15319,6.3602618999999985
14683,6.402707700000002
21458,5.038143500000001
25793,7.1887477
54043,7.595861500000001
25627,4.9900275999999995
13753,6.857409400000002
57295,8.0108013
18175,5.312000300000003
12984,6.6840212999999995
31913,4.3697036
56430,7.429829499999998
43930,6.193877699999999
12684,6.673965800000001
17763,5.336737700000001
7262,7.572803499999996
40430,7.1842421000000005
18432,4.974612499999999
24163,4.8550756
20563,5.811136200000001
8449,7.1403608
55629,7.409560600000001
54278,6.780607999999998
38042,7.1207737
10674,6.719195099999999
20634,5.950447599999999
15150,5.845339599999997
17996,5.210939899999997
44148,6.909817699999998
7479,7.676233899999993
66091,6.627855600000004
27920,4.6613297000000005
19083,4.6234568000000005
11736,7.271301000000003
47384,7.144982699999998
8838,7.787568799999998
57956,6.468480599999996
22245,5.0020703000000015
32128,5.3898393
14865,6.738748900000004
43720,6.033251899999999
14829,6.400557400000004
32273,7.448492000000001
19793,6.3058928000000005
42111,6.668320000000001
15717,6.166490800000002
28609,5.397825300000001
60982,6.348147699999999
62828,6.992671499999999
29413,6.251455400000002
17693,5.435476599999998
35091,4.599311299999999
10629,6.7436908
8445,6.844548599999997
58216,7.783245799999998
21618,6.080870300000002
13684,6.629597399999999
16676,5.915948199999999
54640,6.144965199999997
58330,6.4085934
19136,6.312201599999997
40109,7.565346400000001
23058,4.611388299999999
45784,5.799479400000001
30258,5.181549300000001
21927,5.200499099999997
16511,5.7259220000000015
19058,6.347896199999999
29426,4.9577203
63848,7.087691999999997
23635,4.790263599999998
28924,5.1911386
26670,6.087832099999999
13287,6.5777499
17634,5.442830499999997
69645,6.636067499999999
60614,7.770959500000001
11639,7.192228800000002
19457,6.7229874999999995
57557,6.782553399999999
56018,6.040579100000001
14167,6.663099499999998
18711,5.072526
66163,7.4282564
27076,4.9206411999999995
12021,7.022615900000001
24969,4.9011275
22039,5.1475333
19536,5.083470500000001
39654,5.564985100000001
14454,5.971482300000003
35954,5.9363171
30334,5.3084340999999995
11197,7.165564400000002
19709,4.7462595
17804,5.5019335
31855,5.4327754
13950,6.666755700000005
41161,6.196041699999998
59051,6.3977862
12989,6.525977700000001
56877,7.937706400000001
58654,7.430990599999999
9073,7.445150099999998
16791,5.901402400000003
17044,5.688854299999999
61997,7.467882900000004
16019,6.1960907
22710,5.896229299999999
22277,4.9307219
60436,7.236410799999998
17871,5.472102100000002
42388,7.2471898999999995
7484,7.517355500000001
44256,5.494580700000003
12971,6.8156268
7572,7.3361969
22562,4.908569799999999
67203,6.6195804
20629,6.628037900000001
36336,6.744803300000002
10471,6.602033900000001
16027,5.867399999999999
13824,6.998988299999999
14269,6.250256399999999
21495,5.7225128
15046,6.697750600000002
47273,6.9931168
52145,6.194962500000003
39947,6.1157143000000005
21338,6.9454944
17071,5.717657000000002
21931,4.4981118
44191,7.369140999999998
30324,4.9899684
37371,5.233310400000001
54562,6.469709900000002
62023,6.246824699999999
11343,6.4702351
41392,6.1627803
66647,6.8209981000000015
48161,7.393656600000001
57560,7.893471000000003
16750,5.7488724
19089,4.785902000000001
25443,6.0436354
16517,6.054368500000002
53959,5.937638900000001
10568,7.5076955
47159,6.426153600000003
20533,5.0578252
51802,6.228766499999999
8032,7.496179100000003
36888,7.473625999999999
13308,6.899706400000001
14050,7.1278805999999975
47627,6.072498200000002
17757,5.3673633999999995
33402,5.412247399999999
58839,7.225604999999998
52198,4.245394400000001
25908,4.6540607
22861,5.010726899999999
30069,6.722692900000001
46058,7.111545499999998
55028,7.462851599999996
66545,6.6449678
43766,6.669235699999998
32084,7.048628399999999
15253,6.6167587000000045
58357,5.883720700000001
25041,6.546064500000003
13961,6.2622359
20656,5.5553769000000015
42526,6.035708699999997
61738,6.7007980000000025
7384,7.558541399999997
15172,6.435906199999998
70412,5.826489399999999
57346,6.626445700000002
7566,7.418933199999993
16588,5.9409788
38521,5.861717899999999
16187,6.116449699999997
7755,7.5405813
27774,5.136025299999999
10650,7.062501599999998
46728,5.917203500000002
22865,5.371123399999999
10624,6.8221137999999995
18147,5.071428300000001
31375,4.717503499999998
65356,6.482604700000001
14512,6.364175899999999
40124,4.6970086
50700,7.161963399999999
13857,6.098391899999999
65741,7.597663400000003
23568,5.092675300000002
8588,7.451411300000005
49363,5.6132733
35555,5.169446399999999
18451,4.9899612
18336,5.3276565
25527,5.129394199999999
13059,7.121503800000003
12113,7.353929300000003
41942,7.372030299999997
54884,7.2826868000000005
13567,6.5067984
46043,7.1206225
58067,7.861748100000005
61234,6.523335499999999
48096,7.856900900000005
47222,7.3063636
9077,6.536632899999997
34534,5.937632400000001
68061,7.620043599999997
14493,6.183163199999998
45605,7.706772800000006
10763,6.787703100000003
28391,5.5272141999999995
7291,7.392975500000001
7411,7.634018900000002
8903,7.5205341
18275,5.142835900000002
48779,7.557981600000004
51144,5.9784191
24680,5.4668682
8866,7.5994555
33686,6.833419400000001
30347,7.308324300000001
13147,6.350928300000001
32296,5.349984500000001
15662,6.172836699999998
51716,6.9570797
10996,6.5330828
30810,6.1250623
28165,5.745713500000002
10149,7.1214337
16137,5.6893085000000045
36229,4.6087384
24408,5.114903999999999
28935,5.2784517
14356,6.477779300000002
19483,6.018698999999999
31468,7.2110077
52749,7.2421627
10232,7.1435527
18695,4.756692799999997
8797,7.274801900000001
24810,4.9347838
13339,6.1736565
29043,4.664448200000001
60298,7.612856799999999
14281,6.481482100000003
21685,4.9054171
19875,4.8480734000000005
8813,8.072208000000003
38432,5.092965999999999
63807,6.608490799999998
39934,6.8657895999999985
16680,5.9375306
46712,5.849030900000002
41070,7.1935769
29618,5.931289100000002
25728,4.7061810999999985
54157,5.6838445
40062,7.521743500000002
10597,7.483455699999999
16860,5.747167600000003
21178,5.115145099999998
10399,6.662785900000002
29237,5.951638699999998
31151,5.794283599999999
17867,5.3600044
10783,6.3745564
21300,5.791896099999999
22507,4.7443654
8503,6.715227599999996
35516,5.788673800000001
45014,5.411524400000002
33471,5.693562500000002
17458,5.458806800000001
44815,6.611591999999998
63753,7.038920500000001
71781,4.336179199999998
15879,6.006737300000003
52859,6.292302100000001
48582,5.753083500000002
23660,6.477656299999998
50051,6.105464699999999
48403,5.807796200000002
30756,4.9698237999999995
12348,6.500174500000002
9993,7.0489497000000005
47801,7.232517200000001
56372,7.594000299999998
67095,7.599483900000003
37342,5.595118000000001
24828,5.4799910999999994
50840,7.5110577
41466,4.907536
10449,6.6796881999999975
13792,7.160022099999999
62377,7.385336399999996
15054,5.841966900000001
10042,6.874609900000003
56666,7.6276003
33310,7.147897399999996
37047,5.398771399999999
52728,6.969760699999998
12323,7.529798300000006
19373,4.7463288
26853,4.870184500000002
58537,6.516310100000001
8544,6.933078200000001
11035,6.892148000000002
17338,5.623231200000001
30958,5.3233771
21205,5.157278099999998
61586,7.7815045000000005
8265,7.060646300000001
44800,7.802018200000001
19857,5.262620899999996
51228,5.9700864000000005
26322,5.2137077
13681,5.871313300000002
54255,7.793020899999999
46814,5.520228500000001
28188,5.330777000000001
8875,7.575579699999999
7713,7.3854069
18577,4.872688399999999
10404,7.185811000000001
28646,6.671639800000003
15779,6.545568100000001
10022,6.944238899999998
67445,6.939401300000001
17834,5.413015299999999
12552,7.206942299999998
13171,6.546958299999999
56044,5.9007243
8823,7.576510299999996
19841,4.679993999999997
63039,7.069582399999999
11174,6.630139299999997
23556,6.908676499999998
7368,7.816069699999996
12733,7.074354600000001
10468,6.900314599999996
12212,6.593808500000002
17230,5.8058338
59814,6.698379199999998
59383,6.739283399999998
10031,6.824935
67608,7.634646299999998
13453,6.8760257000000005
14592,6.104776999999996
23739,5.251163699999998
17459,5.538761300000001
18127,4.7999153
7764,7.3724858
51130,6.7995462
30117,7.384158200000005
23268,5.661396900000002
15584,6.487270799999999
9492,7.471408599999998
8606,6.8534156
15708,6.0416863
37798,6.383824999999999
16533,5.9773935
12825,6.793522799999998
61829,7.1565771
25008,5.396494999999998
60046,7.8446418
41403,7.673725700000001
15695,6.316210399999999
17236,5.625396000000003
58372,6.384116999999998
41145,5.610110199999999
50878,7.1454662
60605,6.897669199999999
18380,4.6226142
51969,6.228184700000002
17914,5.3560967999999995
22207,5.867214399999999
24851,5.262102299999999
26182,5.156301899999999
17837,5.3644505
46504,6.1003822
9188,7.208174199999998
44911,7.3815543
65925,7.044566
60455,5.825469099999999
58682,5.803340700000002
10007,6.919794200000002
30620,5.057973199999999
15707,6.229852500000002
32389,4.992644899999998
51098,6.292399599999998
47893,6.759532699999999
43767,6.321969299999998
15629,5.900593899999999
60472,6.6827011
38117,5.925403599999998
17961,5.4091367
9587,7.0868454000000005
25050,5.690249499999998
23314,5.833935600000003
13941,6.873662600000001
7533,7.3686415
45756,6.094841
15467,5.871884500000004
18285,4.6101524
61250,7.0272685999999975
15669,6.258520300000002
31481,5.1560565
64093,7.297568199999997
48469,5.906301400000002
23081,5.656975200000001
25949,6.547450200000002
47948,6.0113
17888,5.381667199999999
11889,6.944686200000002
60209,6.482981600000004
57785,7.4066972999999985
54591,7.7225737000000025
14267,6.472213299999997
31594,5.802572800000002
70097,6.268804499999999
11635,6.218803699999996
26374,5.037309200000001
20856,6.5794186
13638,6.702119
8162,7.2683587
8948,7.2319638
9180,7.638459899999998
12994,6.324738899999997
27311,6.865600999999999
19044,4.6379245
8452,7.4249075000000015
13479,6.659188499999998
37979,7.20683
14926,6.668012300000002
14848,6.306140599999999
7782,7.120030300000002
26634,7.114753399999996
10220,6.788643200000004
60513,7.542924600000001
61676,7.650071300000003
11256,6.974957299999995
70670,5.819122499999999
19964,4.8902305
9609,7.0512462000000005
10641,6.5494859
15179,6.164175800000001
39974,6.893773500000001
15313,6.532968000000002
22762,4.751936099999999
44416,5.7373591
39090,5.9834335
26016,4.479020400000002
16619,5.892814099999999
46386,7.219296199999999
7149,7.878521200000003
37429,5.230331199999998
7609,7.332200899999999
17776,5.403199699999999
15868,6.094482500000002
12738,7.234423299999998
56509,6.480894199999999
28690,7.136182200000004
8051,7.230750400000001
17078,5.623221799999999
45222,5.678883700000003
14229,6.527417600000003
37245,5.797293899999999
61376,7.791492100000005
34645,4.7261976
23522,4.557423399999999
46629,7.362551899999999
11362,6.2793748
19514,5.1910981
7537,7.622894099999997
8149,7.502027200000002
16461,6.060575600000001
53716,5.800424
43319,5.7007311000000005
12906,6.119143299999998
10483,6.644497999999998
14667,6.3591380000000015
16779,5.8089642
66765,8.071063899999999
65119,6.716482599999999
13428,6.349852600000002
7861,7.295972499999998
61861,7.411971400000002
9076,7.2225418
20269,4.5215877
7152,7.843194299999997
63004,7.352802699999996
66814,7.614097500000001
27304,5.913733500000002
19228,4.795686300000001
10505,7.1733374
11553,7.160782500000002
47737,7.184962900000001
15666,6.521092299999997
46483,6.336064100000001
64600,6.673217299999999
11231,7.313453500000003
39562,7.550320499999998
15642,6.164372700000001
69653,6.918014500000001
14362,6.472300500000002
53326,5.819771399999999
14289,6.8686454
12455,7.126667600000004
9019,7.484330000000001
14302,6.5608855
59407,6.316205299999999
30238,5.013975299999999
20302,5.068634399999998
21162,5.608252
39650,5.0405331
60461,6.703245300000001
46362,5.7261856
34823,6.700204999999999
14290,6.822632000000001
11489,6.3943458999999985
34309,5.5180667
8046,7.5849261000000014
17679,5.497147699999997
21824,4.908045
8850,7.450666499999999
32309,4.753305800000001
63503,7.464373300000001
64971,7.1718414
63668,7.522930499999997
22168,4.832740600000001
64388,6.608467300000001
16113,6.2142116
54483,7.4723440000000005
69832,6.088167899999998
16817,5.8032119
22389,5.130789199999999
10736,6.654454600000001
42198,7.474158599999999
17229,5.630028000000001
30869,7.0778379000000005
7379,7.844633899999999
58794,6.228220800000002
55239,6.365746699999997
58030,5.956501
20800,5.048159800000002
10293,7.034917500000002
62384,7.370151700000001
15161,6.166922299999998
39830,5.8145150999999995
35969,4.529802899999999
15956,6.164621100000004
7141,7.835667800000002
49815,5.8625733
8805,8.053334499999995
15821,6.2930708000000015
25140,5.6489597999999965
17648,5.474390599999998
17581,5.4395615000000035
28117,4.7777119
13313,6.224937300000002
46635,6.116664099999998
7080,7.957259299999999
12340,7.5220889
59485,6.2351651
32035,6.6526328
27619,7.410817299999999
7532,7.570834000000001
7717,7.2424722
45281,7.452126099999998
44763,5.8213274
10559,7.594753299999999
13518,6.565206800000003
20050,5.802063700000002
11773,6.857888200000003
12789,7.222901100000002
23598,5.289801500000001
16313,5.7337013
19780,4.944984999999999
51314,5.938211799999998
50843,7.825817400000003
23151,4.872393700000001
10435,7.263652200000001
33687,5.954356800000002
64579,7.788081400000002
15096,6.208421699999998
15173,5.989397
44876,5.725374600000001
22230,4.9500912999999995
12754,6.7984317000000045
8012,6.902940500000004
10012,6.886181899999998
20026,4.708150199999997
62429,6.525016299999999
29188,6.0079635
49493,6.0039102
31076,5.6462031
41641,6.253498500000001
17830,5.247618200000002
21147,6.968288800000002
51884,7.347028899999998
45934,7.925384799999996
10305,7.037291399999998
35167,5.631151399999998
27158,5.3266514
18399,5.0977417
15432,6.304023699999998
27654,6.1693485
7501,7.3795276
37314,6.5734816
59494,6.005001200000001
65157,6.5958083
39437,5.040583000000001
45358,7.3654685
11550,7.208915800000001
16476,6.0376176
16932,5.956418000000002
29307,5.009298499999997
38820,6.3013072999999995
61354,7.673431299999997
40920,6.707753
22509,5.001986199999999
10492,6.537024
16960,5.626783500000003
65581,7.5436733
49173,5.758526900000003
23104,4.557803199999999
16712,5.871348800000003
16208,6.031671499999999
13906,6.924838199999998
14672,6.202877899999999
15806,6.174297500000003
46307,5.821585500000001
32032,5.077963099999999
65217,6.597371400000002
66763,7.670066899999999
8355,6.974737999999999
23368,6.825738300000001
7112,7.9677563
19014,4.7674949999999985
32770,5.913295500000001
33534,5.3684166
32542,5.2083149
28962,5.966608299999999
39540,7.012417299999998
48191,7.072693399999999
64248,6.294700499999999
15153,6.310987700000003
14775,6.526044400000001
15416,5.990506999999999
29539,6.2360665000000015
14473,7.229389500000001
11164,7.432363400000006
15384,6.277171599999998
24639,5.251273799999999
10593,6.812533099999999
9012,7.1744588
27603,4.7207324999999996
17906,5.4059788000000015
11516,7.010769799999999
50571,7.653329800000002
47671,7.019995499999998
32941,6.638055600000004
52778,5.7253186000000005
33474,5.0083954
51371,7.334407399999998
10438,6.651079799999999
9028,7.539540300000003
18870,5.116161000000001
48751,7.635918299999999
16391,6.0161666
18603,4.6935302000000005
47163,7.553967
12777,6.376627
8854,7.555356499999999
29190,5.4615913
14442,6.350066999999997
11743,6.5834924999999975
28054,5.2507677
29752,6.438722300000002
17911,5.315047599999998
20254,5.237788100000001
17065,5.685008600000002
13183,6.8819124000000045
48821,5.822498600000001
11043,6.361288599999997
49883,7.390887300000002
10021,7.250179999999999
56482,6.640235800000002
24857,7.4707184999999985
8861,7.4437654
12584,6.452234099999995
26603,7.185252700000003
39414,6.895186800000005
18974,5.8472151
61306,7.392806599999999
20343,4.666599199999999
30453,4.8529175
66072,6.726822200000002
20706,5.340378400000002
13082,6.387623
11074,7.186725600000001
9458,7.798772900000006
18117,5.259465300000001
29415,6.6850328
7616,7.412373
20724,5.178523900000001
9762,6.992855199999997
43991,7.2956330000000005
58849,6.882030199999999
17419,5.5040635
21153,4.9307916999999994
24487,5.006665700000002
62243,6.450794199999998
21692,6.111993100000001
31265,6.258150800000002
12013,7.4438633
59866,6.5375737
28066,5.289980999999999
39184,7.512857700000003
15507,6.515616100000002
20626,5.489044599999999
8763,6.695434799999996
36267,4.739947099999999
37890,7.639074099999999
59449,7.0272554000000005
7199,8.202565099999992
60585,7.522856399999999
62912,6.870120099999998
40796,5.528602399999999
22492,4.8685262
19247,4.482250600000001
7770,7.419035199999997
69359,7.4761391
42347,4.7014071
17015,5.687634899999999
22733,4.5301572
13264,5.965050799999999
21429,5.6747232
19506,5.490208599999999
14158,5.824592700000002
60044,7.586857200000002
49133,6.1008233999999995
21484,5.1051042
9469,7.234331700000002
21747,5.188150500000002
14193,6.3106502
9901,7.015280500000001
33495,5.383709000000001
58820,7.070276999999999
17591,5.497861199999997
59677,6.754778199999999
51664,5.9827347
24598,5.126852400000001
18296,5.182543399999999
20782,5.7285442
20275,5.5072257
18645,4.829883100000001
10672,6.795050399999999
14017,5.7668456
43487,6.5427610000000005
13721,6.7406160999999996
17574,5.306429800000001
18050,5.349738900000002
35473,5.260838399999999
15249,6.2250467
25808,4.8518722
69131,7.501460600000005
42613,7.708369399999999
52989,6.555592299999997
58848,6.571736900000001
12415,6.484164000000001
28948,5.106795199999999
65249,6.629604900000001
28526,6.4204726999999995
9861,6.839872300000003
18612,5.249161399999998
32578,6.201794
48322,6.011458100000002
58938,7.205172299999999
10186,6.953506
28124,4.7788965999999995
21498,5.168783500000002
58523,6.722592499999998
14457,6.087007600000003
11864,6.736934199999996
29366,6.088576600000002
9704,7.051352600000004
17673,5.510499800000002
30895,7.223542200000002
19059,4.763788700000001
16794,5.797809499999999
23566,6.260986300000001
18709,4.847011299999998
64739,8.259514799999998
22462,5.182734000000002
13926,7.049512799999999
13275,6.3842683
56847,7.9893893
33648,6.299121999999999
10537,6.798905099999998
17207,5.729028400000002
40982,7.2022292
15171,6.332105900000004
9608,7.008581700000002
12220,6.882109500000004
59769,7.044701900000003
49675,6.3725577
66971,7.961907800000002
32113,5.986146699999999
11694,7.135330499999996
29866,5.197327200000001
30319,5.0798779
35609,7.293927900000001
58841,6.066834400000001
45641,6.8380522
47098,6.8112365000000015
16359,5.982734099999999
46745,7.413248799999998
18062,5.1424772999999995
11730,7.131027899999999
13680,6.785081899999998
43568,6.2318065
17365,5.565638600000002
16440,6.056164300000001
45647,5.665885499999999
36892,5.049727800000002
65288,7.202708800000002
50113,5.5341795000000005
27525,5.520343399999998
10236,6.814335700000002
24901,5.6377104
68803,6.9388258999999985
21974,5.200451999999999
30865,5.739078900000001
59240,6.926776499999996
60420,6.011335299999996
10180,6.7510338999999995
17580,5.472738799999998
19243,4.786424099999997
11344,6.8615918
43811,6.482790099999999
12186,7.157573999999998
50596,6.269963900000002
23458,5.0551568
39467,6.3916688
55074,7.1231668
17940,5.345197
18464,4.965679499999996
65327,6.443526400000004
56787,6.9676573
65507,6.598057099999998
14078,6.616650399999997
50655,6.280334700000002
18936,4.598886199999999
45637,5.796937900000001
17787,5.309100699999998
18588,4.635940800000001
67725,7.066445100000001
56150,6.483384400000001
35184,4.520088600000001
20071,6.321209699999998
24401,6.852108800000001
37244,7.0648172
64965,6.6511557
50250,6.673347599999999
27900,5.369321000000001
53428,7.179816200000002
24218,5.745134100000001
15951,6.1124818
22065,4.7980307
19127,4.506426499999998
58119,7.0410069
57534,6.704931100000001
8557,6.855284699999998
16398,6.098976799999999
67507,6.9218138
24679,7.441640300000005
15781,5.8279348
46921,7.090938199999999
17193,5.647759599999998
59411,6.786686199999999
54713,7.883054799999997
43825,7.4481236
45148,7.108967499999998
66570,6.974382499999999
25064,5.916444400000001
13418,6.5963293
41101,6.879489699999997
21141,4.9512015
46477,6.100686899999999
7948,7.223830300000004
10523,7.2362094000000035
46354,6.004830199999999
47422,5.974091700000002
14722,6.494125999999998
60507,7.488124000000003
49330,7.590209199999999
55191,6.4979662
8848,7.630444799999999
16773,5.7925721
16224,5.955889199999999
11198,6.4874266999999985
20857,6.6472311999999985
32434,7.398933400000001
28002,5.133485799999999
14659,6.663526799999995
43419,7.228123899999999
67511,7.686854500000001
8092,7.159278399999998
46189,6.1653910000000005
64805,7.3274493000000005
25139,5.1874319
49222,7.2720310999999995
64735,6.711017800000002
48597,7.2704921
15137,6.8247366
17958,5.4074832000000015
16819,5.652749000000003
12535,7.347746499999997
47993,5.923813200000003
27359,5.370525799999999
45730,6.3102753
13068,7.885751300000003
23784,6.5025376999999995
68777,6.749719199999999
11078,7.414766000000003
47121,6.987687799999998
13949,6.3745062
11443,7.508866899999999
13667,6.3227385000000025
66339,7.420322599999999
21486,4.824109099999999
56244,7.312826300000001
12677,6.884322099999996
63898,6.727249999999999
69169,6.0439761
16767,5.949638200000001
49038,6.8554722
15453,6.578726399999999
22016,5.776919200000002
34991,5.2841233
12533,6.528204199999999
13230,6.203784600000001
27983,4.630910800000001
17643,5.496716899999999
53046,7.290574500000003
35286,6.0806102
50296,7.656495399999999
41126,5.973802000000001
25730,4.826732999999999
21086,5.670370900000002
50002,5.879466200000003
10911,6.362085400000002
46974,6.089465200000002
34824,7.797997100000003
57293,6.838604399999998
65232,6.5102725
47621,7.287481099999999
52815,5.9120102999999995
11697,7.042787099999999
40892,7.597099100000001
30243,5.159784600000002
